[
  {
    "catalogNumber": "1111",
    "bookName": "The greatest book",
    "authorName": "Author 1",
    "publicationDate": "01/01/2000"
  },
  {
    "catalogNumber": "2222",
    "bookName": "The magics book",
    "authorName": "Author 3",
    "publicationDate": "01/01/2001"
  },
  {
    "catalogNumber": "3333",
    "bookName": "My book",
    "authorName": "Author 21",
    "publicationDate": "01/01/2003"
  },
  {
    "catalogNumber": "4444",
    "bookName": "The real book",
    "authorName": "Author 456",
    "publicationDate": "01/01/2020"
  },
  {
    "catalogNumber": "5555",
    "bookName": "Great Book",
    "authorName": "Author 1",
    "publicationDate": "01/01/2021"
  }
]
